image,pattern,psnr
0001x2.png,box,23.530033
0001x2.png,random,24.614552
0001x2.png,legendre,24.47041
0002x2.png,box,24.650558
0002x2.png,random,23.541882
0002x2.png,legendre,24.035025
0003x2.png,box,20.727062
0003x2.png,random,20.7442
0003x2.png,legendre,21.492004
0004x2.png,box,22.965689
0004x2.png,random,22.346212
0004x2.png,legendre,22.107574
0005x2.png,box,20.341768
0005x2.png,random,20.90988
0005x2.png,legendre,21.729078
0006x2.png,box,22.505878
0006x2.png,random,21.800158
0006x2.png,legendre,22.640656
0007x2.png,box,22.536373
0007x2.png,random,23.723524
0007x2.png,legendre,23.034023
0008x2.png,box,20.972021
0008x2.png,random,21.557163
0008x2.png,legendre,21.42394
0009x2.png,box,19.987944
0009x2.png,random,23.684307
0009x2.png,legendre,21.808388
0010x2.png,box,21.855885
0010x2.png,random,21.768452
0010x2.png,legendre,21.664202
0011x2.png,box,20.681963
0011x2.png,random,22.092648
0011x2.png,legendre,21.15984
0012x2.png,box,20.439926
0012x2.png,random,21.451878
0012x2.png,legendre,22.518764
0013x2.png,box,25.885742
0013x2.png,random,26.055542
0013x2.png,legendre,25.42201
0014x2.png,box,20.929749
0014x2.png,random,22.29018
0014x2.png,legendre,22.07178
0015x2.png,box,20.043211
0015x2.png,random,21.564863
0015x2.png,legendre,21.453283
0016x2.png,box,21.757612
0016x2.png,random,21.13433
0016x2.png,legendre,22.107418
0017x2.png,box,21.889048
0017x2.png,random,21.671635
0017x2.png,legendre,22.611015
0018x2.png,box,21.072014
0018x2.png,random,23.784513
0018x2.png,legendre,23.366835
0019x2.png,box,20.903738
0019x2.png,random,21.995888
0019x2.png,legendre,22.984774
0020x2.png,box,22.68996
0020x2.png,random,22.682743
0020x2.png,legendre,23.418339
0021x2.png,box,21.431343
0021x2.png,random,21.89833
0021x2.png,legendre,21.7431
0022x2.png,box,21.439075
0022x2.png,random,22.111092
0022x2.png,legendre,21.709011
0023x2.png,box,22.890144
0023x2.png,random,22.951294
0023x2.png,legendre,21.731457
0024x2.png,box,22.1138
0024x2.png,random,23.746597
0024x2.png,legendre,23.807163
0025x2.png,box,24.089523
0025x2.png,random,24.34638
0025x2.png,legendre,23.828453
0026x2.png,box,19.764755
0026x2.png,random,21.87662
0026x2.png,legendre,21.07594
0027x2.png,box,21.883034
0027x2.png,random,21.604462
0027x2.png,legendre,22.057549
0028x2.png,box,21.484758
0028x2.png,random,22.572693
0028x2.png,legendre,21.158438
0029x2.png,box,20.857096
0029x2.png,random,23.712631
0029x2.png,legendre,22.52652
0030x2.png,box,21.804409
0030x2.png,random,21.713749
0030x2.png,legendre,21.819206
0031x2.png,box,22.318583
0031x2.png,random,24.418457
0031x2.png,legendre,22.529758
0032x2.png,box,22.724464
0032x2.png,random,22.610332
0032x2.png,legendre,22.120403
0033x2.png,box,22.244608
0033x2.png,random,23.333185
0033x2.png,legendre,23.690697
0034x2.png,box,19.879992
0034x2.png,random,22.990484
0034x2.png,legendre,22.743418
0035x2.png,box,21.755781
0035x2.png,random,21.495726
0035x2.png,legendre,21.70644
0036x2.png,box,21.381157
0036x2.png,random,20.838665
0036x2.png,legendre,21.406235
0037x2.png,box,24.612215
0037x2.png,random,25.317287
0037x2.png,legendre,25.44423
0038x2.png,box,20.790897
0038x2.png,random,22.782724
0038x2.png,legendre,22.720879
0039x2.png,box,23.070076
0039x2.png,random,23.1275
0039x2.png,legendre,22.683628
0040x2.png,box,23.129696
0040x2.png,random,20.969133
0040x2.png,legendre,22.261261
0041x2.png,box,22.735853
0041x2.png,random,22.182886
0041x2.png,legendre,22.15355
0042x2.png,box,22.193626
0042x2.png,random,24.354237
0042x2.png,legendre,22.87348
0043x2.png,box,22.005707
0043x2.png,random,23.325382
0043x2.png,legendre,22.732008
0044x2.png,box,20.886297
0044x2.png,random,21.70041
0044x2.png,legendre,22.087442
0045x2.png,box,21.51098
0045x2.png,random,23.989082
0045x2.png,legendre,22.660255
0046x2.png,box,22.804983
0046x2.png,random,23.193007
0046x2.png,legendre,22.34608
0047x2.png,box,21.502483
0047x2.png,random,23.04457
0047x2.png,legendre,21.902912
0048x2.png,box,25.133797
0048x2.png,random,24.534437
0048x2.png,legendre,24.794504
0049x2.png,box,22.284601
0049x2.png,random,22.265251
0049x2.png,legendre,22.336948
0050x2.png,box,22.410633
0050x2.png,random,22.876265
0050x2.png,legendre,23.662579
0051x2.png,box,23.32017
0051x2.png,random,23.29702
0051x2.png,legendre,23.356932
0052x2.png,box,21.041958
0052x2.png,random,21.168041
0052x2.png,legendre,21.447872
0053x2.png,box,22.742588
0053x2.png,random,22.909546
0053x2.png,legendre,22.502163
0054x2.png,box,21.490292
0054x2.png,random,22.050224
0054x2.png,legendre,21.3792
0055x2.png,box,26.520279
0055x2.png,random,25.937986
0055x2.png,legendre,26.384144
0056x2.png,box,21.574055
0056x2.png,random,21.418898
0056x2.png,legendre,22.018684
0057x2.png,box,21.766289
0057x2.png,random,21.124094
0057x2.png,legendre,20.303894
0058x2.png,box,22.395405
0058x2.png,random,22.650354
0058x2.png,legendre,23.217981
0059x2.png,box,24.89201
0059x2.png,random,24.53618
0059x2.png,legendre,23.857025
0060x2.png,box,20.32974
0060x2.png,random,21.41331
0060x2.png,legendre,20.941368
0061x2.png,box,23.195211
0061x2.png,random,26.308228
0061x2.png,legendre,24.957146
0062x2.png,box,24.420246
0062x2.png,random,24.866678
0062x2.png,legendre,24.149906
0063x2.png,box,20.031786
0063x2.png,random,20.917242
0063x2.png,legendre,22.330856
0064x2.png,box,24.3979
0064x2.png,random,25.73891
0064x2.png,legendre,24.898235
0065x2.png,box,24.624985
0065x2.png,random,24.419939
0065x2.png,legendre,25.401901
0066x2.png,box,21.19296
0066x2.png,random,21.996738
0066x2.png,legendre,22.185871
0067x2.png,box,23.115364
0067x2.png,random,22.24828
0067x2.png,legendre,23.611172
0068x2.png,box,21.988295
0068x2.png,random,21.516384
0068x2.png,legendre,21.228733
0069x2.png,box,20.528797
0069x2.png,random,24.562431
0069x2.png,legendre,22.050865
0070x2.png,box,21.583384
0070x2.png,random,21.704714
0070x2.png,legendre,21.874151
0071x2.png,box,21.354504
0071x2.png,random,21.032686
0071x2.png,legendre,22.181313
0072x2.png,box,23.15528
0072x2.png,random,22.489838
0072x2.png,legendre,22.578009
0073x2.png,box,21.377712
0073x2.png,random,20.961155
0073x2.png,legendre,21.546345
0074x2.png,box,21.881943
0074x2.png,random,23.298267
0074x2.png,legendre,21.850054
0075x2.png,box,20.267082
0075x2.png,random,22.283588
0075x2.png,legendre,21.188225
0076x2.png,box,25.061857
0076x2.png,random,25.804462
0076x2.png,legendre,25.51619
0077x2.png,box,23.602142
0077x2.png,random,22.910822
0077x2.png,legendre,22.610369
0078x2.png,box,21.153519
0078x2.png,random,22.325365
0078x2.png,legendre,22.258682
0079x2.png,box,23.96502
0079x2.png,random,22.98425
0079x2.png,legendre,23.424126
0080x2.png,box,22.440704
0080x2.png,random,21.996674
0080x2.png,legendre,22.133713
0081x2.png,box,22.176907
0081x2.png,random,23.12317
0081x2.png,legendre,23.998924
0082x2.png,box,20.600918
0082x2.png,random,20.922
0082x2.png,legendre,21.8711
0083x2.png,box,22.280296
0083x2.png,random,22.627487
0083x2.png,legendre,22.151375
0084x2.png,box,23.039486
0084x2.png,random,23.103619
0084x2.png,legendre,22.388697
0085x2.png,box,21.876945
0085x2.png,random,22.75759
0085x2.png,legendre,21.745121
0086x2.png,box,22.652843
0086x2.png,random,23.471115
0086x2.png,legendre,23.261917
0087x2.png,box,22.698494
0087x2.png,random,22.128136
0087x2.png,legendre,22.391558
0088x2.png,box,20.311806
0088x2.png,random,22.458878
0088x2.png,legendre,22.534641
0089x2.png,box,21.332565
0089x2.png,random,21.488745
0089x2.png,legendre,21.808155
0090x2.png,box,21.049192
0090x2.png,random,21.792166
0090x2.png,legendre,21.725561
0091x2.png,box,22.686993
0091x2.png,random,21.314224
0091x2.png,legendre,21.83923
0092x2.png,box,21.807968
0092x2.png,random,21.703043
0092x2.png,legendre,20.94318
0093x2.png,box,21.153887
0093x2.png,random,22.679176
0093x2.png,legendre,22.785952
0094x2.png,box,19.979786
0094x2.png,random,20.56285
0094x2.png,legendre,23.162956
0095x2.png,box,23.139116
0095x2.png,random,22.289371
0095x2.png,legendre,22.814129
0096x2.png,box,21.359245
0096x2.png,random,21.251926
0096x2.png,legendre,23.483837
0097x2.png,box,21.70759
0097x2.png,random,21.885489
0097x2.png,legendre,23.2784
0098x2.png,box,21.879148
0098x2.png,random,21.947418
0098x2.png,legendre,23.1201
0099x2.png,box,20.841064
0099x2.png,random,22.346134
0099x2.png,legendre,22.394495
0100x2.png,box,23.839752
0100x2.png,random,25.147533
0100x2.png,legendre,23.900166
0101x2.png,box,25.752161
0101x2.png,random,26.105057
0101x2.png,legendre,27.108952
0102x2.png,box,22.420588
0102x2.png,random,22.833992
0102x2.png,legendre,22.958467
0103x2.png,box,22.304182
0103x2.png,random,22.24224
0103x2.png,legendre,22.41091
0104x2.png,box,23.981335
0104x2.png,random,25.142445
0104x2.png,legendre,24.555962
0105x2.png,box,22.085485
0105x2.png,random,22.10548
0105x2.png,legendre,21.6544
0106x2.png,box,22.397451
0106x2.png,random,22.218172
0106x2.png,legendre,21.335543
0107x2.png,box,21.32476
0107x2.png,random,21.760712
0107x2.png,legendre,22.312855
0108x2.png,box,21.404583
0108x2.png,random,23.476036
0108x2.png,legendre,23.040257
0109x2.png,box,25.6008
0109x2.png,random,27.311592
0109x2.png,legendre,26.950344
0110x2.png,box,22.67749
0110x2.png,random,23.633928
0110x2.png,legendre,23.622053
0111x2.png,box,21.148811
0111x2.png,random,22.24037
0111x2.png,legendre,22.641888
0112x2.png,box,25.35115
0112x2.png,random,25.006037
0112x2.png,legendre,25.696299
0113x2.png,box,22.5478
0113x2.png,random,23.0736
0113x2.png,legendre,23.098438
0114x2.png,box,22.118788
0114x2.png,random,21.864529
0114x2.png,legendre,21.818563
0115x2.png,box,27.372026
0115x2.png,random,27.313961
0115x2.png,legendre,27.443901
0116x2.png,box,21.06144
0116x2.png,random,22.094498
0116x2.png,legendre,22.015646
0117x2.png,box,21.63108
0117x2.png,random,20.831964
0117x2.png,legendre,21.74158
0118x2.png,box,23.345833
0118x2.png,random,25.267696
0118x2.png,legendre,24.208519
0119x2.png,box,22.065878
0119x2.png,random,21.76205
0119x2.png,legendre,21.77058
0120x2.png,box,23.505571
0120x2.png,random,22.669497
0120x2.png,legendre,22.961271
0121x2.png,box,21.834492
0121x2.png,random,22.68285
0121x2.png,legendre,21.253624
0122x2.png,box,19.705687
0122x2.png,random,22.053366
0122x2.png,legendre,21.859612
0123x2.png,box,23.674225
0123x2.png,random,25.407637
0123x2.png,legendre,25.127146
0124x2.png,box,26.627148
0124x2.png,random,27.77992
0124x2.png,legendre,26.7433
0125x2.png,box,21.308544
0125x2.png,random,22.31675
0125x2.png,legendre,22.865238
0126x2.png,box,22.065094
0126x2.png,random,22.583227
0126x2.png,legendre,23.426495
0127x2.png,box,22.389467
0127x2.png,random,21.96471
0127x2.png,legendre,22.582241
0128x2.png,box,23.190813
0128x2.png,random,23.44794
0128x2.png,legendre,23.452229
0129x2.png,box,20.961933
0129x2.png,random,21.593664
0129x2.png,legendre,22.161785
0130x2.png,box,21.17202
0130x2.png,random,20.789558
0130x2.png,legendre,21.693785
0131x2.png,box,22.656996
0131x2.png,random,22.671436
0131x2.png,legendre,21.902693
0132x2.png,box,20.422564
0132x2.png,random,21.393707
0132x2.png,legendre,20.318531
0133x2.png,box,21.353012
0133x2.png,random,23.017824
0133x2.png,legendre,21.86798
0134x2.png,box,21.57542
0134x2.png,random,21.029781
0134x2.png,legendre,21.526068
0135x2.png,box,20.530811
0135x2.png,random,22.661497
0135x2.png,legendre,21.535414
0136x2.png,box,21.83807
0136x2.png,random,21.606842
0136x2.png,legendre,21.206013
0137x2.png,box,21.325598
0137x2.png,random,23.475616
0137x2.png,legendre,23.417376
0138x2.png,box,23.034077
0138x2.png,random,22.726215
0138x2.png,legendre,22.308105
0139x2.png,box,21.6062
0139x2.png,random,22.69892
0139x2.png,legendre,22.963255
0140x2.png,box,20.80673
0140x2.png,random,20.651686
0140x2.png,legendre,22.005203
0141x2.png,box,23.554918
0141x2.png,random,23.401375
0141x2.png,legendre,24.49446
0142x2.png,box,22.141083
0142x2.png,random,23.539776
0142x2.png,legendre,22.804443
0143x2.png,box,22.037533
0143x2.png,random,22.33899
0143x2.png,legendre,22.815874
0144x2.png,box,20.043407
0144x2.png,random,22.098621
0144x2.png,legendre,22.803352
0145x2.png,box,21.778975
0145x2.png,random,21.660446
0145x2.png,legendre,21.811722
0146x2.png,box,22.326653
0146x2.png,random,21.829876
0146x2.png,legendre,22.73824
0147x2.png,box,20.318672
0147x2.png,random,20.82565
0147x2.png,legendre,20.629696
0148x2.png,box,20.648386
0148x2.png,random,22.175722
0148x2.png,legendre,22.088337
0149x2.png,box,20.697515
0149x2.png,random,21.012165
0149x2.png,legendre,21.283936
0150x2.png,box,23.427279
0150x2.png,random,22.51686
0150x2.png,legendre,21.753796
0151x2.png,box,20.960651
0151x2.png,random,21.091585
0151x2.png,legendre,21.283504
0152x2.png,box,23.121595
0152x2.png,random,23.733791
0152x2.png,legendre,22.494413
0153x2.png,box,21.305532
0153x2.png,random,20.628576
0153x2.png,legendre,21.309015
0154x2.png,box,21.727047
0154x2.png,random,21.91882
0154x2.png,legendre,21.151394
0155x2.png,box,24.062654
0155x2.png,random,25.317646
0155x2.png,legendre,24.972906
0156x2.png,box,21.7889
0156x2.png,random,22.736063
0156x2.png,legendre,22.776796
0157x2.png,box,23.098707
0157x2.png,random,22.986774
0157x2.png,legendre,23.257017
0158x2.png,box,21.1907
0158x2.png,random,21.766405
0158x2.png,legendre,21.902721
0159x2.png,box,21.707153
0159x2.png,random,21.088215
0159x2.png,legendre,21.469643
0160x2.png,box,20.73189
0160x2.png,random,21.648226
0160x2.png,legendre,22.564
0161x2.png,box,22.83913
0161x2.png,random,23.344366
0161x2.png,legendre,22.117598
0162x2.png,box,19.55816
0162x2.png,random,20.73957
0162x2.png,legendre,21.02495
0163x2.png,box,21.34143
0163x2.png,random,21.624752
0163x2.png,legendre,21.077482
0164x2.png,box,24.400309
0164x2.png,random,25.65588
0164x2.png,legendre,26.6232
0165x2.png,box,21.837093
0165x2.png,random,23.58428
0165x2.png,legendre,21.93628
0166x2.png,box,21.505688
0166x2.png,random,21.063171
0166x2.png,legendre,21.530418
0167x2.png,box,23.51084
0167x2.png,random,22.589344
0167x2.png,legendre,23.168497
0168x2.png,box,23.834755
0168x2.png,random,24.973484
0168x2.png,legendre,24.385342
0169x2.png,box,20.872757
0169x2.png,random,21.545238
0169x2.png,legendre,22.477467
0170x2.png,box,19.901262
0170x2.png,random,21.753399
0170x2.png,legendre,22.130049
0171x2.png,box,22.805212
0171x2.png,random,23.735626
0171x2.png,legendre,23.245008
0172x2.png,box,24.516333
0172x2.png,random,24.864561
0172x2.png,legendre,24.86433
0173x2.png,box,21.301865
0173x2.png,random,22.847515
0173x2.png,legendre,22.964302
0174x2.png,box,21.984491
0174x2.png,random,22.328318
0174x2.png,legendre,22.010538
0175x2.png,box,24.065907
0175x2.png,random,23.51818
0175x2.png,legendre,23.546926
0176x2.png,box,25.235071
0176x2.png,random,26.696323
0176x2.png,legendre,25.834444
0177x2.png,box,22.209476
0177x2.png,random,21.690758
0177x2.png,legendre,21.298811
0178x2.png,box,21.004688
0178x2.png,random,21.128614
0178x2.png,legendre,21.343056
0179x2.png,box,24.205114
0179x2.png,random,24.53265
0179x2.png,legendre,24.665766
0180x2.png,box,22.181652
0180x2.png,random,21.939365
0180x2.png,legendre,22.676975
0181x2.png,box,21.07897
0181x2.png,random,22.311441
0181x2.png,legendre,20.908754
0182x2.png,box,19.40419
0182x2.png,random,21.922771
0182x2.png,legendre,20.772438
0183x2.png,box,23.091839
0183x2.png,random,25.643555
0183x2.png,legendre,23.14281
0184x2.png,box,20.707832
0184x2.png,random,22.017502
0184x2.png,legendre,21.76605
0185x2.png,box,23.885262
0185x2.png,random,24.815666
0185x2.png,legendre,24.845425
0186x2.png,box,24.754656
0186x2.png,random,25.996387
0186x2.png,legendre,25.507168
0187x2.png,box,21.562496
0187x2.png,random,22.24543
0187x2.png,legendre,22.727936
0188x2.png,box,21.869743
0188x2.png,random,21.878756
0188x2.png,legendre,23.031624
0189x2.png,box,20.34335
0189x2.png,random,21.008005
0189x2.png,legendre,21.813618
0190x2.png,box,20.735987
0190x2.png,random,22.532574
0190x2.png,legendre,21.704124
0191x2.png,box,20.677895
0191x2.png,random,24.104786
0191x2.png,legendre,23.435848
0192x2.png,box,19.767645
0192x2.png,random,21.738129
0192x2.png,legendre,21.645596
0193x2.png,box,21.975437
0193x2.png,random,21.234966
0193x2.png,legendre,21.79756
0194x2.png,box,23.100033
0194x2.png,random,23.716099
0194x2.png,legendre,22.481094
0195x2.png,box,22.267694
0195x2.png,random,24.439457
0195x2.png,legendre,24.522455
0196x2.png,box,24.45287
0196x2.png,random,25.035538
0196x2.png,legendre,24.452942
0197x2.png,box,20.904087
0197x2.png,random,22.664118
0197x2.png,legendre,21.662247
0198x2.png,box,22.29625
0198x2.png,random,24.261007
0198x2.png,legendre,24.902348
0199x2.png,box,21.117258
0199x2.png,random,21.768587
0199x2.png,legendre,21.548172
0200x2.png,box,21.734135
0200x2.png,random,22.782097
0200x2.png,legendre,23.28347
0201x2.png,box,22.282122
0201x2.png,random,23.437878
0201x2.png,legendre,22.136078
0202x2.png,box,21.748554
0202x2.png,random,21.96666
0202x2.png,legendre,23.412079
0203x2.png,box,24.439552
0203x2.png,random,24.188236
0203x2.png,legendre,24.89458
0204x2.png,box,22.31419
0204x2.png,random,21.611002
0204x2.png,legendre,22.685501
0205x2.png,box,21.894571
0205x2.png,random,21.873648
0205x2.png,legendre,22.239395
0206x2.png,box,19.554426
0206x2.png,random,22.061222
0206x2.png,legendre,21.100689
0207x2.png,box,21.547787
0207x2.png,random,22.18294
0207x2.png,legendre,21.532648
0208x2.png,box,22.375893
0208x2.png,random,24.490334
0208x2.png,legendre,22.41426
0209x2.png,box,21.551727
0209x2.png,random,21.368164
0209x2.png,legendre,20.87721
0210x2.png,box,20.31578
0210x2.png,random,21.707249
0210x2.png,legendre,21.212194
0211x2.png,box,23.610804
0211x2.png,random,23.787167
0211x2.png,legendre,24.150036
0212x2.png,box,21.49975
0212x2.png,random,23.627985
0212x2.png,legendre,23.477436
0213x2.png,box,23.107197
0213x2.png,random,23.194437
0213x2.png,legendre,23.156898
0214x2.png,box,22.045761
0214x2.png,random,24.039394
0214x2.png,legendre,22.590965
0215x2.png,box,23.325594
0215x2.png,random,23.845789
0215x2.png,legendre,23.7477
0216x2.png,box,21.197754
0216x2.png,random,20.891045
0216x2.png,legendre,21.171875
0217x2.png,box,24.070286
0217x2.png,random,24.26677
0217x2.png,legendre,22.897266
0218x2.png,box,21.920736
0218x2.png,random,22.857483
0218x2.png,legendre,24.052086
0219x2.png,box,20.201414
0219x2.png,random,21.69544
0219x2.png,legendre,22.523666
0220x2.png,box,21.821526
0220x2.png,random,23.195187
0220x2.png,legendre,23.332245
0221x2.png,box,20.69399
0221x2.png,random,21.6072
0221x2.png,legendre,22.387121
0222x2.png,box,21.844048
0222x2.png,random,21.609665
0222x2.png,legendre,22.061642
0223x2.png,box,23.673782
0223x2.png,random,23.3829
0223x2.png,legendre,23.5584
0224x2.png,box,21.744503
0224x2.png,random,22.806032
0224x2.png,legendre,22.253601
0225x2.png,box,21.678713
0225x2.png,random,22.878937
0225x2.png,legendre,22.712286
0226x2.png,box,23.239693
0226x2.png,random,23.7551
0226x2.png,legendre,23.520765
0227x2.png,box,22.63398
0227x2.png,random,22.837458
0227x2.png,legendre,21.616169
0228x2.png,box,22.771248
0228x2.png,random,22.635508
0228x2.png,legendre,22.1673
0229x2.png,box,22.917404
0229x2.png,random,22.654314
0229x2.png,legendre,22.893734
0230x2.png,box,22.274092
0230x2.png,random,22.523748
0230x2.png,legendre,22.901806
0231x2.png,box,23.307678
0231x2.png,random,24.720984
0231x2.png,legendre,25.033943
0232x2.png,box,22.555302
0232x2.png,random,22.587034
0232x2.png,legendre,23.04697
0233x2.png,box,22.048456
0233x2.png,random,22.827187
0233x2.png,legendre,22.63402
0234x2.png,box,23.044546
0234x2.png,random,24.936125
0234x2.png,legendre,24.645422
0235x2.png,box,22.547514
0235x2.png,random,22.71351
0235x2.png,legendre,23.123705
0236x2.png,box,23.399036
0236x2.png,random,23.102304
0236x2.png,legendre,23.250786
0237x2.png,box,20.859205
0237x2.png,random,21.793007
0237x2.png,legendre,21.81696
0238x2.png,box,24.138847
0238x2.png,random,24.344696
0238x2.png,legendre,23.516499
0239x2.png,box,23.141157
0239x2.png,random,23.571156
0239x2.png,legendre,24.372421
0240x2.png,box,22.281721
0240x2.png,random,23.474314
0240x2.png,legendre,23.024351
0241x2.png,box,25.27796
0241x2.png,random,25.318718
0241x2.png,legendre,24.15017
0242x2.png,box,21.144413
0242x2.png,random,22.9435
0242x2.png,legendre,22.12774
0243x2.png,box,22.280264
0243x2.png,random,23.236126
0243x2.png,legendre,22.809086
0244x2.png,box,20.684765
0244x2.png,random,20.72529
0244x2.png,legendre,20.674343
0245x2.png,box,20.839958
0245x2.png,random,21.306309
0245x2.png,legendre,21.057095
0246x2.png,box,21.700989
0246x2.png,random,21.709404
0246x2.png,legendre,22.030325
0247x2.png,box,22.40313
0247x2.png,random,25.00166
0247x2.png,legendre,22.292706
0248x2.png,box,19.513927
0248x2.png,random,22.562
0248x2.png,legendre,21.967804
0249x2.png,box,20.490076
0249x2.png,random,22.843868
0249x2.png,legendre,22.27524
0250x2.png,box,23.307838
0250x2.png,random,22.931707
0250x2.png,legendre,23.805292
0251x2.png,box,25.595053
0251x2.png,random,26.143648
0251x2.png,legendre,25.836935
0252x2.png,box,24.21625
0252x2.png,random,25.422323
0252x2.png,legendre,24.98079
0253x2.png,box,23.616432
0253x2.png,random,23.077868
0253x2.png,legendre,23.5383
0254x2.png,box,21.45391
0254x2.png,random,22.822357
0254x2.png,legendre,22.411388
0255x2.png,box,21.623035
0255x2.png,random,22.592346
0255x2.png,legendre,21.783142
0256x2.png,box,24.24299
0256x2.png,random,26.090054
0256x2.png,legendre,25.148197
0257x2.png,box,20.906944
0257x2.png,random,21.634857
0257x2.png,legendre,22.550636
0258x2.png,box,21.58925
0258x2.png,random,23.191341
0258x2.png,legendre,22.925264
0259x2.png,box,23.352947
0259x2.png,random,23.456364
0259x2.png,legendre,22.624788
0260x2.png,box,22.079775
0260x2.png,random,22.60765
0260x2.png,legendre,21.874865
0261x2.png,box,22.087248
0261x2.png,random,22.836058
0261x2.png,legendre,21.402966
0262x2.png,box,22.624912
0262x2.png,random,23.25877
0262x2.png,legendre,22.814468
0263x2.png,box,24.300144
0263x2.png,random,25.044952
0263x2.png,legendre,24.663618
0264x2.png,box,22.738573
0264x2.png,random,21.997345
0264x2.png,legendre,22.33833
0265x2.png,box,20.78574
0265x2.png,random,21.871124
0265x2.png,legendre,22.371979
0266x2.png,box,24.434216
0266x2.png,random,25.105064
0266x2.png,legendre,24.918253
0267x2.png,box,20.341331
0267x2.png,random,19.87057
0267x2.png,legendre,21.773499
0268x2.png,box,24.328432
0268x2.png,random,25.001461
0268x2.png,legendre,24.532955
0269x2.png,box,22.141891
0269x2.png,random,22.51049
0269x2.png,legendre,22.121193
0270x2.png,box,21.519976
0270x2.png,random,21.4831
0270x2.png,legendre,22.420103
0271x2.png,box,23.529749
0271x2.png,random,23.815298
0271x2.png,legendre,23.761692
0272x2.png,box,24.443764
0272x2.png,random,24.237488
0272x2.png,legendre,23.295515
0273x2.png,box,21.095993
0273x2.png,random,23.612385
0273x2.png,legendre,22.437075
0274x2.png,box,21.060116
0274x2.png,random,22.061989
0274x2.png,legendre,21.602982
0275x2.png,box,23.816189
0275x2.png,random,23.763245
0275x2.png,legendre,23.557274
0276x2.png,box,23.143532
0276x2.png,random,24.23775
0276x2.png,legendre,23.08849
0277x2.png,box,22.507963
0277x2.png,random,21.757566
0277x2.png,legendre,22.387287
0278x2.png,box,24.232702
0278x2.png,random,26.056377
0278x2.png,legendre,24.705908
0279x2.png,box,20.580818
0279x2.png,random,20.857971
0279x2.png,legendre,21.311695
0280x2.png,box,24.296204
0280x2.png,random,23.917063
0280x2.png,legendre,24.100014
0281x2.png,box,20.332556
0281x2.png,random,21.929205
0281x2.png,legendre,23.0773
0282x2.png,box,22.481878
0282x2.png,random,23.339146
0282x2.png,legendre,23.671974
0283x2.png,box,22.782154
0283x2.png,random,23.46977
0283x2.png,legendre,23.035408
0284x2.png,box,23.099056
0284x2.png,random,25.002224
0284x2.png,legendre,24.524487
0285x2.png,box,21.285961
0285x2.png,random,22.19162
0285x2.png,legendre,21.840288
0286x2.png,box,25.201393
0286x2.png,random,24.452503
0286x2.png,legendre,24.95434
0287x2.png,box,21.518875
0287x2.png,random,22.819164
0287x2.png,legendre,21.344273
0288x2.png,box,21.79924
0288x2.png,random,23.079206
0288x2.png,legendre,22.928707
0289x2.png,box,24.467772
0289x2.png,random,23.680162
0289x2.png,legendre,23.841143
0290x2.png,box,21.774902
0290x2.png,random,24.626284
0290x2.png,legendre,23.150402
0291x2.png,box,20.697908
0291x2.png,random,21.281395
0291x2.png,legendre,21.894585
0292x2.png,box,21.050377
0292x2.png,random,22.558338
0292x2.png,legendre,21.31419
0293x2.png,box,21.235806
0293x2.png,random,21.367928
0293x2.png,legendre,21.56811
0294x2.png,box,21.85734
0294x2.png,random,21.472767
0294x2.png,legendre,21.904448
0295x2.png,box,20.33791
0295x2.png,random,20.044945
0295x2.png,legendre,20.895748
0296x2.png,box,21.012768
0296x2.png,random,22.256462
0296x2.png,legendre,22.447569
0297x2.png,box,19.848766
0297x2.png,random,20.761568
0297x2.png,legendre,21.469744
0298x2.png,box,19.48671
0298x2.png,random,20.368752
0298x2.png,legendre,21.41263
0299x2.png,box,21.6372
0299x2.png,random,23.218756
0299x2.png,legendre,22.327225
0300x2.png,box,23.358479
0300x2.png,random,24.230682
0300x2.png,legendre,23.025454
0301x2.png,box,25.49908
0301x2.png,random,23.961864
0301x2.png,legendre,24.072742
0302x2.png,box,21.626598
0302x2.png,random,24.237839
0302x2.png,legendre,22.905212
0303x2.png,box,20.773159
0303x2.png,random,22.168665
0303x2.png,legendre,22.30349
0304x2.png,box,22.741983
0304x2.png,random,23.695496
0304x2.png,legendre,23.828936
0305x2.png,box,22.410343
0305x2.png,random,22.428944
0305x2.png,legendre,22.238121
0306x2.png,box,22.905848
0306x2.png,random,22.922678
0306x2.png,legendre,22.919825
0307x2.png,box,23.944609
0307x2.png,random,24.838926
0307x2.png,legendre,23.775732
0308x2.png,box,19.053051
0308x2.png,random,19.710876
0308x2.png,legendre,20.207634
0309x2.png,box,21.649418
0309x2.png,random,23.173944
0309x2.png,legendre,23.523697
0310x2.png,box,21.710869
0310x2.png,random,22.328321
0310x2.png,legendre,22.978046
0311x2.png,box,22.781927
0311x2.png,random,22.64784
0311x2.png,legendre,22.900734
0312x2.png,box,22.155525
0312x2.png,random,21.507042
0312x2.png,legendre,22.563107
0313x2.png,box,21.330221
0313x2.png,random,21.756187
0313x2.png,legendre,22.76107
0314x2.png,box,23.681307
0314x2.png,random,26.146467
0314x2.png,legendre,24.608997
0315x2.png,box,22.652739
0315x2.png,random,24.352444
0315x2.png,legendre,22.550713
0316x2.png,box,20.746128
0316x2.png,random,21.404015
0316x2.png,legendre,21.131016
0317x2.png,box,20.981932
0317x2.png,random,21.504597
0317x2.png,legendre,21.64953
0318x2.png,box,23.627827
0318x2.png,random,24.820446
0318x2.png,legendre,24.223928
0319x2.png,box,20.549524
0319x2.png,random,21.117802
0319x2.png,legendre,21.295845
0320x2.png,box,18.451822
0320x2.png,random,20.807934
0320x2.png,legendre,21.17523
0321x2.png,box,23.11244
0321x2.png,random,22.386478
0321x2.png,legendre,22.090109
0322x2.png,box,21.25011
0322x2.png,random,22.159903
0322x2.png,legendre,21.550732
0323x2.png,box,20.010786
0323x2.png,random,21.186665
0323x2.png,legendre,20.893927
0324x2.png,box,22.258204
0324x2.png,random,23.73184
0324x2.png,legendre,23.449997
0325x2.png,box,21.212242
0325x2.png,random,21.79877
0325x2.png,legendre,21.67921
0326x2.png,box,22.404184
0326x2.png,random,23.819885
0326x2.png,legendre,24.813478
0327x2.png,box,21.579636
0327x2.png,random,20.708073
0327x2.png,legendre,21.143223
0328x2.png,box,21.454058
0328x2.png,random,23.414864
0328x2.png,legendre,22.390411
0329x2.png,box,21.926126
0329x2.png,random,22.642076
0329x2.png,legendre,23.07323
0330x2.png,box,25.4302
0330x2.png,random,25.167793
0330x2.png,legendre,25.544832
0331x2.png,box,20.93931
0331x2.png,random,21.418427
0331x2.png,legendre,21.49314
0332x2.png,box,20.76849
0332x2.png,random,23.122177
0332x2.png,legendre,22.621769
0333x2.png,box,21.638096
0333x2.png,random,23.57486
0333x2.png,legendre,22.262001
0334x2.png,box,22.07286
0334x2.png,random,24.881714
0334x2.png,legendre,23.850693
0335x2.png,box,21.972027
0335x2.png,random,21.167381
0335x2.png,legendre,21.810173
0336x2.png,box,21.71324
0336x2.png,random,21.480442
0336x2.png,legendre,21.399984
0337x2.png,box,20.929163
0337x2.png,random,21.910753
0337x2.png,legendre,21.28438
0338x2.png,box,22.240955
0338x2.png,random,21.244728
0338x2.png,legendre,21.238907
0339x2.png,box,21.869423
0339x2.png,random,22.721786
0339x2.png,legendre,23.230972
0340x2.png,box,22.410637
0340x2.png,random,24.05036
0340x2.png,legendre,22.576391
0341x2.png,box,22.82029
0341x2.png,random,23.51555
0341x2.png,legendre,22.6604
0342x2.png,box,19.799435
0342x2.png,random,21.496407
0342x2.png,legendre,21.969347
0343x2.png,box,23.673227
0343x2.png,random,24.003544
0343x2.png,legendre,24.253296
0344x2.png,box,22.90796
0344x2.png,random,22.067205
0344x2.png,legendre,22.840588
0345x2.png,box,20.455025
0345x2.png,random,21.445446
0345x2.png,legendre,20.651218
0346x2.png,box,22.50631
0346x2.png,random,22.901756
0346x2.png,legendre,23.00661
0347x2.png,box,21.942434
0347x2.png,random,21.902506
0347x2.png,legendre,21.899328
0348x2.png,box,21.48529
0348x2.png,random,21.567657
0348x2.png,legendre,22.956598
0349x2.png,box,19.096672
0349x2.png,random,22.739504
0349x2.png,legendre,21.244778
0350x2.png,box,23.437338
0350x2.png,random,23.334959
0350x2.png,legendre,23.871777
0351x2.png,box,20.184536
0351x2.png,random,21.00031
0351x2.png,legendre,21.485815
0352x2.png,box,20.997866
0352x2.png,random,23.607643
0352x2.png,legendre,22.448606
0353x2.png,box,21.28312
0353x2.png,random,22.34164
0353x2.png,legendre,23.381636
0354x2.png,box,20.792454
0354x2.png,random,22.11461
0354x2.png,legendre,21.222975
0355x2.png,box,23.270035
0355x2.png,random,22.64795
0355x2.png,legendre,22.73293
0356x2.png,box,21.918726
0356x2.png,random,21.857664
0356x2.png,legendre,21.982147
0357x2.png,box,21.529295
0357x2.png,random,21.825045
0357x2.png,legendre,23.358604
0358x2.png,box,21.57714
0358x2.png,random,23.67091
0358x2.png,legendre,23.111069
0359x2.png,box,22.780582
0359x2.png,random,21.92093
0359x2.png,legendre,22.867353
0360x2.png,box,25.721628
0360x2.png,random,27.653778
0360x2.png,legendre,27.153297
0361x2.png,box,20.848162
0361x2.png,random,21.669027
0361x2.png,legendre,22.395798
0362x2.png,box,22.619469
0362x2.png,random,22.654202
0362x2.png,legendre,22.756706
0363x2.png,box,22.37423
0363x2.png,random,23.295677
0363x2.png,legendre,22.506844
0364x2.png,box,24.24383
0364x2.png,random,24.117393
0364x2.png,legendre,23.481339
0365x2.png,box,23.99818
0365x2.png,random,23.51139
0365x2.png,legendre,23.803802
0366x2.png,box,21.192915
0366x2.png,random,23.480652
0366x2.png,legendre,23.266623
0367x2.png,box,21.826132
0367x2.png,random,24.028227
0367x2.png,legendre,21.831648
0368x2.png,box,22.150719
0368x2.png,random,22.915188
0368x2.png,legendre,22.074816
0369x2.png,box,20.988586
0369x2.png,random,20.628263
0369x2.png,legendre,19.948465
0370x2.png,box,21.742487
0370x2.png,random,22.714535
0370x2.png,legendre,23.186726
0371x2.png,box,22.119186
0371x2.png,random,22.09797
0371x2.png,legendre,21.88072
0372x2.png,box,20.726736
0372x2.png,random,21.142447
0372x2.png,legendre,21.13837
0373x2.png,box,20.846806
0373x2.png,random,22.074543
0373x2.png,legendre,20.871122
0374x2.png,box,23.644878
0374x2.png,random,25.188286
0374x2.png,legendre,24.22125
0375x2.png,box,21.790405
0375x2.png,random,21.663136
0375x2.png,legendre,22.557972
0376x2.png,box,25.363207
0376x2.png,random,25.605375
0376x2.png,legendre,25.52977
0377x2.png,box,20.167507
0377x2.png,random,21.685896
0377x2.png,legendre,22.291975
0378x2.png,box,21.852444
0378x2.png,random,21.61004
0378x2.png,legendre,21.856749
0379x2.png,box,23.454727
0379x2.png,random,24.729744
0379x2.png,legendre,23.20493
0380x2.png,box,21.982048
0380x2.png,random,21.996723
0380x2.png,legendre,21.856335
0381x2.png,box,22.27058
0381x2.png,random,22.35797
0381x2.png,legendre,22.902773
0382x2.png,box,21.314217
0382x2.png,random,22.361734
0382x2.png,legendre,22.287035
0383x2.png,box,22.424454
0383x2.png,random,21.336086
0383x2.png,legendre,21.145119
0384x2.png,box,23.529844
0384x2.png,random,23.224165
0384x2.png,legendre,23.79335
0385x2.png,box,21.521507
0385x2.png,random,23.167133
0385x2.png,legendre,21.456547
0386x2.png,box,21.755362
0386x2.png,random,22.150848
0386x2.png,legendre,22.520819
0387x2.png,box,22.04935
0387x2.png,random,20.992043
0387x2.png,legendre,21.2962
0388x2.png,box,21.994314
0388x2.png,random,22.513264
0388x2.png,legendre,22.611744
0389x2.png,box,22.020535
0389x2.png,random,22.38449
0389x2.png,legendre,22.199291
0390x2.png,box,22.482117
0390x2.png,random,23.140326
0390x2.png,legendre,23.272648
0391x2.png,box,21.287174
0391x2.png,random,24.536163
0391x2.png,legendre,23.386707
0392x2.png,box,21.945097
0392x2.png,random,22.155922
0392x2.png,legendre,22.649582
0393x2.png,box,23.26561
0393x2.png,random,22.51808
0393x2.png,legendre,22.374268
0394x2.png,box,21.629313
0394x2.png,random,21.787346
0394x2.png,legendre,21.693432
0395x2.png,box,21.409626
0395x2.png,random,21.75601
0395x2.png,legendre,21.028635
0396x2.png,box,23.627928
0396x2.png,random,23.455566
0396x2.png,legendre,22.810654
0397x2.png,box,22.697197
0397x2.png,random,21.30561
0397x2.png,legendre,22.132782
0398x2.png,box,22.664555
0398x2.png,random,22.716515
0398x2.png,legendre,21.846039
0399x2.png,box,21.516113
0399x2.png,random,21.847542
0399x2.png,legendre,21.916304
0400x2.png,box,24.893127
0400x2.png,random,25.913427
0400x2.png,legendre,25.26773
0401x2.png,box,21.809767
0401x2.png,random,23.400373
0401x2.png,legendre,22.532707
0402x2.png,box,22.836998
0402x2.png,random,22.761526
0402x2.png,legendre,22.225544
0403x2.png,box,20.654339
0403x2.png,random,21.761436
0403x2.png,legendre,21.82254
0404x2.png,box,20.969254
0404x2.png,random,20.19764
0404x2.png,legendre,21.21202
0405x2.png,box,21.94025
0405x2.png,random,22.534693
0405x2.png,legendre,23.297543
0406x2.png,box,22.116749
0406x2.png,random,21.140368
0406x2.png,legendre,22.265396
0407x2.png,box,22.141167
0407x2.png,random,22.666924
0407x2.png,legendre,22.586498
0408x2.png,box,21.35457
0408x2.png,random,22.737772
0408x2.png,legendre,23.59829
0409x2.png,box,21.12768
0409x2.png,random,22.457882
0409x2.png,legendre,22.500021
0410x2.png,box,23.295963
0410x2.png,random,24.008266
0410x2.png,legendre,22.84452
0411x2.png,box,22.299301
0411x2.png,random,22.624817
0411x2.png,legendre,22.041946
0412x2.png,box,20.715237
0412x2.png,random,23.328161
0412x2.png,legendre,22.908813
0413x2.png,box,21.761549
0413x2.png,random,23.31685
0413x2.png,legendre,22.509148
0414x2.png,box,22.267136
0414x2.png,random,22.258102
0414x2.png,legendre,22.182571
0415x2.png,box,21.393429
0415x2.png,random,22.855312
0415x2.png,legendre,23.027685
0416x2.png,box,22.271835
0416x2.png,random,21.927988
0416x2.png,legendre,21.076397
0417x2.png,box,20.777102
0417x2.png,random,21.529583
0417x2.png,legendre,22.301865
0418x2.png,box,22.400274
0418x2.png,random,23.765022
0418x2.png,legendre,23.260876
0419x2.png,box,22.427383
0419x2.png,random,23.51572
0419x2.png,legendre,23.701775
0420x2.png,box,21.277039
0420x2.png,random,22.03636
0420x2.png,legendre,22.688545
0421x2.png,box,21.39149
0421x2.png,random,22.086338
0421x2.png,legendre,24.18914
0422x2.png,box,22.764729
0422x2.png,random,22.822273
0422x2.png,legendre,22.944664
0423x2.png,box,20.380566
0423x2.png,random,21.391556
0423x2.png,legendre,20.851995
0424x2.png,box,23.387611
0424x2.png,random,22.149166
0424x2.png,legendre,21.703693
0425x2.png,box,24.934296
0425x2.png,random,25.021404
0425x2.png,legendre,24.27472
0426x2.png,box,21.80328
0426x2.png,random,22.525467
0426x2.png,legendre,21.859692
0427x2.png,box,23.894167
0427x2.png,random,23.148214
0427x2.png,legendre,24.04375
0428x2.png,box,23.286322
0428x2.png,random,24.401943
0428x2.png,legendre,23.417477
0429x2.png,box,20.628202
0429x2.png,random,22.33178
0429x2.png,legendre,21.066738
0430x2.png,box,21.78265
0430x2.png,random,24.192877
0430x2.png,legendre,22.698557
0431x2.png,box,27.441517
0431x2.png,random,26.305481
0431x2.png,legendre,25.464428
0432x2.png,box,22.488527
0432x2.png,random,22.00863
0432x2.png,legendre,21.779032
0433x2.png,box,23.73416
0433x2.png,random,23.752954
0433x2.png,legendre,23.12318
0434x2.png,box,21.31591
0434x2.png,random,20.917566
0434x2.png,legendre,21.67241
0435x2.png,box,22.40765
0435x2.png,random,23.389685
0435x2.png,legendre,22.911139
0436x2.png,box,25.002935
0436x2.png,random,24.860847
0436x2.png,legendre,23.984787
0437x2.png,box,22.566225
0437x2.png,random,21.304815
0437x2.png,legendre,22.38557
0438x2.png,box,19.880577
0438x2.png,random,22.894411
0438x2.png,legendre,22.040588
0439x2.png,box,23.796944
0439x2.png,random,24.27807
0439x2.png,legendre,24.384682
0440x2.png,box,19.620012
0440x2.png,random,21.426756
0440x2.png,legendre,21.229183
0441x2.png,box,22.250196
0441x2.png,random,21.963778
0441x2.png,legendre,22.78897
0442x2.png,box,27.931833
0442x2.png,random,28.086569
0442x2.png,legendre,28.096184
0443x2.png,box,20.169388
0443x2.png,random,20.78636
0443x2.png,legendre,21.45705
0444x2.png,box,22.473679
0444x2.png,random,23.00823
0444x2.png,legendre,23.716347
0445x2.png,box,22.957386
0445x2.png,random,22.713428
0445x2.png,legendre,23.376297
0446x2.png,box,21.393755
0446x2.png,random,22.78597
0446x2.png,legendre,22.376366
0447x2.png,box,20.533909
0447x2.png,random,22.492085
0447x2.png,legendre,21.510231
0448x2.png,box,21.82222
0448x2.png,random,21.90092
0448x2.png,legendre,21.924982
0449x2.png,box,24.604227
0449x2.png,random,23.381954
0449x2.png,legendre,23.080097
0450x2.png,box,24.107788
0450x2.png,random,23.759357
0450x2.png,legendre,23.546438
0451x2.png,box,21.012438
0451x2.png,random,21.633587
0451x2.png,legendre,22.19744
0452x2.png,box,22.933388
0452x2.png,random,22.659283
0452x2.png,legendre,22.424847
0453x2.png,box,24.514576
0453x2.png,random,24.224482
0453x2.png,legendre,24.73686
0454x2.png,box,21.745384
0454x2.png,random,21.366064
0454x2.png,legendre,21.901016
0455x2.png,box,22.091259
0455x2.png,random,22.818996
0455x2.png,legendre,21.95423
0456x2.png,box,21.655275
0456x2.png,random,21.36795
0456x2.png,legendre,22.01612
0457x2.png,box,22.161009
0457x2.png,random,23.639128
0457x2.png,legendre,22.672276
0458x2.png,box,21.882475
0458x2.png,random,21.629284
0458x2.png,legendre,21.479706
0459x2.png,box,22.30314
0459x2.png,random,22.460299
0459x2.png,legendre,22.978214
0460x2.png,box,20.770756
0460x2.png,random,21.597061
0460x2.png,legendre,21.262585
0461x2.png,box,22.268219
0461x2.png,random,22.07673
0461x2.png,legendre,22.154951
0462x2.png,box,21.329529
0462x2.png,random,21.78408
0462x2.png,legendre,20.905941
0463x2.png,box,20.99849
0463x2.png,random,23.65965
0463x2.png,legendre,22.595306
0464x2.png,box,23.02191
0464x2.png,random,24.598255
0464x2.png,legendre,23.342829
0465x2.png,box,21.181658
0465x2.png,random,21.583996
0465x2.png,legendre,23.227264
0466x2.png,box,21.875689
0466x2.png,random,22.203869
0466x2.png,legendre,23.229103
0467x2.png,box,22.807543
0467x2.png,random,22.959137
0467x2.png,legendre,23.14682
0468x2.png,box,21.456066
0468x2.png,random,22.000216
0468x2.png,legendre,23.170345
0469x2.png,box,21.864025
0469x2.png,random,21.978268
0469x2.png,legendre,21.786018
0470x2.png,box,20.299576
0470x2.png,random,21.330551
0470x2.png,legendre,21.985527
0471x2.png,box,20.53649
0471x2.png,random,22.677246
0471x2.png,legendre,22.314863
0472x2.png,box,23.984879
0472x2.png,random,24.095062
0472x2.png,legendre,24.317669
0473x2.png,box,26.441376
0473x2.png,random,27.044643
0473x2.png,legendre,26.78828
0474x2.png,box,22.926273
0474x2.png,random,23.16372
0474x2.png,legendre,22.939735
0475x2.png,box,21.323559
0475x2.png,random,22.65931
0475x2.png,legendre,21.899378
0476x2.png,box,21.082113
0476x2.png,random,20.422386
0476x2.png,legendre,20.805313
0477x2.png,box,19.49041
0477x2.png,random,22.359457
0477x2.png,legendre,22.370472
0478x2.png,box,23.099659
0478x2.png,random,24.036043
0478x2.png,legendre,23.49145
0479x2.png,box,21.655733
0479x2.png,random,22.357761
0479x2.png,legendre,23.0209
0480x2.png,box,23.331287
0480x2.png,random,26.157185
0480x2.png,legendre,22.975561
0481x2.png,box,22.815855
0481x2.png,random,22.443094
0481x2.png,legendre,22.607126
0482x2.png,box,19.717161
0482x2.png,random,21.046638
0482x2.png,legendre,21.794476
0483x2.png,box,21.999414
0483x2.png,random,22.873856
0483x2.png,legendre,22.793161
0484x2.png,box,23.513351
0484x2.png,random,23.077412
0484x2.png,legendre,23.264788
0485x2.png,box,22.579458
0485x2.png,random,22.693943
0485x2.png,legendre,23.265074
0486x2.png,box,21.463173
0486x2.png,random,22.553692
0486x2.png,legendre,22.523304
0487x2.png,box,20.962849
0487x2.png,random,22.587854
0487x2.png,legendre,22.556181
0488x2.png,box,25.36961
0488x2.png,random,24.817188
0488x2.png,legendre,23.795837
0489x2.png,box,21.925838
0489x2.png,random,22.681131
0489x2.png,legendre,22.828468
0490x2.png,box,23.672016
0490x2.png,random,25.95176
0490x2.png,legendre,25.482555
0491x2.png,box,21.25702
0491x2.png,random,22.435343
0491x2.png,legendre,21.517172
0492x2.png,box,20.96216
0492x2.png,random,21.430973
0492x2.png,legendre,21.295834
0493x2.png,box,20.223194
0493x2.png,random,21.414646
0493x2.png,legendre,20.219032
0494x2.png,box,24.402946
0494x2.png,random,24.089504
0494x2.png,legendre,24.51778
0495x2.png,box,21.868313
0495x2.png,random,22.853296
0495x2.png,legendre,21.631695
0496x2.png,box,24.457096
0496x2.png,random,24.461918
0496x2.png,legendre,24.730549
0497x2.png,box,23.891066
0497x2.png,random,24.001673
0497x2.png,legendre,23.751066
0498x2.png,box,22.963974
0498x2.png,random,22.108093
0498x2.png,legendre,22.377827
0499x2.png,box,20.629843
0499x2.png,random,20.393036
0499x2.png,legendre,21.505129
0500x2.png,box,21.643011
0500x2.png,random,22.522
0500x2.png,legendre,23.019678
0501x2.png,box,19.719507
0501x2.png,random,21.04888
0501x2.png,legendre,21.40278
0502x2.png,box,25.650764
0502x2.png,random,25.405872
0502x2.png,legendre,25.304623
0503x2.png,box,22.09233
0503x2.png,random,23.483955
0503x2.png,legendre,23.266125
0504x2.png,box,20.696522
0504x2.png,random,24.848392
0504x2.png,legendre,21.395552
0505x2.png,box,18.922953
0505x2.png,random,21.335802
0505x2.png,legendre,20.497963
0506x2.png,box,21.824486
0506x2.png,random,22.941605
0506x2.png,legendre,22.872122
0507x2.png,box,26.628267
0507x2.png,random,27.076725
0507x2.png,legendre,26.274994
0508x2.png,box,22.026169
0508x2.png,random,23.27607
0508x2.png,legendre,23.53963
0509x2.png,box,20.915796
0509x2.png,random,22.846039
0509x2.png,legendre,22.487986
0510x2.png,box,20.191872
0510x2.png,random,21.02256
0510x2.png,legendre,21.68154
0511x2.png,box,20.18588
0511x2.png,random,21.58997
0511x2.png,legendre,22.240181
0512x2.png,box,20.80656
0512x2.png,random,20.999582
0512x2.png,legendre,21.620062
0513x2.png,box,27.151129
0513x2.png,random,26.860182
0513x2.png,legendre,26.617867
0514x2.png,box,21.484089
0514x2.png,random,22.160095
0514x2.png,legendre,22.598316
0515x2.png,box,21.243984
0515x2.png,random,23.073868
0515x2.png,legendre,22.805515
0516x2.png,box,23.167004
0516x2.png,random,23.975851
0516x2.png,legendre,24.00142
0517x2.png,box,21.545235
0517x2.png,random,21.41095
0517x2.png,legendre,21.383783
0518x2.png,box,22.879953
0518x2.png,random,24.398119
0518x2.png,legendre,23.47319
0519x2.png,box,22.694828
0519x2.png,random,21.62778
0519x2.png,legendre,21.741724
0520x2.png,box,19.14972
0520x2.png,random,22.213354
0520x2.png,legendre,22.916576
0521x2.png,box,22.218124
0521x2.png,random,21.84165
0521x2.png,legendre,22.388857
0522x2.png,box,21.972273
0522x2.png,random,20.653913
0522x2.png,legendre,20.791046
0523x2.png,box,20.982782
0523x2.png,random,21.207401
0523x2.png,legendre,21.756056
0524x2.png,box,22.885778
0524x2.png,random,24.017649
0524x2.png,legendre,22.662706
0525x2.png,box,24.17074
0525x2.png,random,22.939709
0525x2.png,legendre,23.895674
0526x2.png,box,22.691345
0526x2.png,random,23.673954
0526x2.png,legendre,23.345028
0527x2.png,box,22.042652
0527x2.png,random,20.69232
0527x2.png,legendre,21.58143
0528x2.png,box,21.247055
0528x2.png,random,21.218601
0528x2.png,legendre,22.397419
0529x2.png,box,21.431705
0529x2.png,random,22.8294
0529x2.png,legendre,23.782253
0530x2.png,box,21.934578
0530x2.png,random,21.496515
0530x2.png,legendre,22.776632
0531x2.png,box,20.720451
0531x2.png,random,21.62688
0531x2.png,legendre,21.60807
0532x2.png,box,23.4651
0532x2.png,random,23.782757
0532x2.png,legendre,23.550808
0533x2.png,box,21.185772
0533x2.png,random,21.270102
0533x2.png,legendre,20.896961
0534x2.png,box,21.941824
0534x2.png,random,21.812614
0534x2.png,legendre,21.7858
0535x2.png,box,21.035585
0535x2.png,random,21.235582
0535x2.png,legendre,21.305922
0536x2.png,box,21.149227
0536x2.png,random,21.196762
0536x2.png,legendre,21.85064
0537x2.png,box,22.322702
0537x2.png,random,22.499352
0537x2.png,legendre,22.796558
0538x2.png,box,25.724346
0538x2.png,random,25.279198
0538x2.png,legendre,25.093763
0539x2.png,box,20.845194
0539x2.png,random,21.058676
0539x2.png,legendre,22.895405
0540x2.png,box,20.844194
0540x2.png,random,22.94962
0540x2.png,legendre,22.052235
0541x2.png,box,23.983643
0541x2.png,random,24.725006
0541x2.png,legendre,24.326092
0542x2.png,box,20.363655
0542x2.png,random,21.784403
0542x2.png,legendre,21.65778
0543x2.png,box,22.641907
0543x2.png,random,24.148464
0543x2.png,legendre,24.164331
0544x2.png,box,26.745872
0544x2.png,random,25.931799
0544x2.png,legendre,26.326336
0545x2.png,box,20.342056
0545x2.png,random,20.265553
0545x2.png,legendre,21.649006
0546x2.png,box,22.33243
0546x2.png,random,23.936369
0546x2.png,legendre,25.110817
0547x2.png,box,21.253803
0547x2.png,random,22.270618
0547x2.png,legendre,22.294067
0548x2.png,box,23.771229
0548x2.png,random,23.957703
0548x2.png,legendre,24.270176
0549x2.png,box,21.563341
0549x2.png,random,21.762104
0549x2.png,legendre,22.14722
0550x2.png,box,21.9399
0550x2.png,random,23.38031
0550x2.png,legendre,23.4216
0551x2.png,box,21.395605
0551x2.png,random,20.945911
0551x2.png,legendre,20.949764
0552x2.png,box,21.678932
0552x2.png,random,20.0614
0552x2.png,legendre,20.638012
0553x2.png,box,23.170654
0553x2.png,random,23.20995
0553x2.png,legendre,23.4054
0554x2.png,box,21.610573
0554x2.png,random,22.102512
0554x2.png,legendre,21.797483
0555x2.png,box,22.467901
0555x2.png,random,23.117119
0555x2.png,legendre,22.424671
0556x2.png,box,24.046915
0556x2.png,random,24.130764
0556x2.png,legendre,24.56724
0557x2.png,box,22.50933
0557x2.png,random,22.260809
0557x2.png,legendre,21.653612
0558x2.png,box,22.064583
0558x2.png,random,23.928183
0558x2.png,legendre,24.145264
0559x2.png,box,21.374931
0559x2.png,random,22.777393
0559x2.png,legendre,22.24197
0560x2.png,box,23.165718
0560x2.png,random,22.598753
0560x2.png,legendre,22.59515
0561x2.png,box,18.394379
0561x2.png,random,23.80819
0561x2.png,legendre,23.399649
0562x2.png,box,21.636198
0562x2.png,random,20.797625
0562x2.png,legendre,20.79309
0563x2.png,box,19.030457
0563x2.png,random,20.910063
0563x2.png,legendre,22.774534
0564x2.png,box,23.154963
0564x2.png,random,23.74477
0564x2.png,legendre,22.622149
0565x2.png,box,23.333778
0565x2.png,random,22.600014
0565x2.png,legendre,22.681953
0566x2.png,box,20.811642
0566x2.png,random,22.291233
0566x2.png,legendre,21.227402
0567x2.png,box,20.63387
0567x2.png,random,22.448456
0567x2.png,legendre,22.6525
0568x2.png,box,21.228342
0568x2.png,random,21.015846
0568x2.png,legendre,21.384098
0569x2.png,box,24.896517
0569x2.png,random,26.170319
0569x2.png,legendre,25.970934
0570x2.png,box,21.42515
0570x2.png,random,21.604813
0570x2.png,legendre,21.447254
0571x2.png,box,21.370327
0571x2.png,random,21.46107
0571x2.png,legendre,22.28512
0572x2.png,box,21.751274
0572x2.png,random,23.390352
0572x2.png,legendre,22.531794
0573x2.png,box,22.739788
0573x2.png,random,22.211662
0573x2.png,legendre,23.080578
0574x2.png,box,22.356304
0574x2.png,random,22.042072
0574x2.png,legendre,22.15658
0575x2.png,box,21.781906
0575x2.png,random,21.315533
0575x2.png,legendre,22.312754
0576x2.png,box,22.65496
0576x2.png,random,23.302366
0576x2.png,legendre,22.735405
0577x2.png,box,22.736576
0577x2.png,random,22.958122
0577x2.png,legendre,24.030224
0578x2.png,box,22.880733
0578x2.png,random,22.690903
0578x2.png,legendre,22.728416
0579x2.png,box,20.729685
0579x2.png,random,23.564817
0579x2.png,legendre,21.449741
0580x2.png,box,22.12439
0580x2.png,random,22.78593
0580x2.png,legendre,21.770565
0581x2.png,box,23.793585
0581x2.png,random,25.416468
0581x2.png,legendre,23.603785
0582x2.png,box,20.854942
0582x2.png,random,23.626938
0582x2.png,legendre,23.238008
0583x2.png,box,22.914135
0583x2.png,random,24.400719
0583x2.png,legendre,24.385908
0584x2.png,box,20.900229
0584x2.png,random,22.161818
0584x2.png,legendre,21.943491
0585x2.png,box,18.9599
0585x2.png,random,20.771751
0585x2.png,legendre,20.758915
0586x2.png,box,21.343851
0586x2.png,random,21.795666
0586x2.png,legendre,21.323421
0587x2.png,box,26.76849
0587x2.png,random,28.0512
0587x2.png,legendre,27.200863
0588x2.png,box,19.627989
0588x2.png,random,20.850649
0588x2.png,legendre,21.242311
0589x2.png,box,22.694973
0589x2.png,random,22.477352
0589x2.png,legendre,22.374283
0590x2.png,box,23.155914
0590x2.png,random,22.463837
0590x2.png,legendre,22.973377
0591x2.png,box,21.675241
0591x2.png,random,20.45174
0591x2.png,legendre,21.505535
0592x2.png,box,19.539011
0592x2.png,random,21.504799
0592x2.png,legendre,21.457485
0593x2.png,box,22.422039
0593x2.png,random,23.354528
0593x2.png,legendre,23.089008
0594x2.png,box,22.18816
0594x2.png,random,22.115927
0594x2.png,legendre,22.87624
0595x2.png,box,22.707994
0595x2.png,random,22.508533
0595x2.png,legendre,22.058136
0596x2.png,box,21.322077
0596x2.png,random,21.545603
0596x2.png,legendre,22.202076
0597x2.png,box,24.854294
0597x2.png,random,24.09613
0597x2.png,legendre,23.784592
0598x2.png,box,23.144207
0598x2.png,random,23.499866
0598x2.png,legendre,23.890774
0599x2.png,box,22.243673
0599x2.png,random,22.499046
0599x2.png,legendre,21.089043
0600x2.png,box,21.695591
0600x2.png,random,22.074306
0600x2.png,legendre,21.591454
0601x2.png,box,20.15131
0601x2.png,random,22.222853
0601x2.png,legendre,21.728075
0602x2.png,box,22.016527
0602x2.png,random,21.487291
0602x2.png,legendre,21.800812
0603x2.png,box,22.452023
0603x2.png,random,22.311718
0603x2.png,legendre,23.822563
0604x2.png,box,19.790462
0604x2.png,random,21.772842
0604x2.png,legendre,20.982685
0605x2.png,box,21.080734
0605x2.png,random,21.589518
0605x2.png,legendre,22.284939
0606x2.png,box,20.964684
0606x2.png,random,21.734592
0606x2.png,legendre,22.168243
0607x2.png,box,19.506702
0607x2.png,random,20.429558
0607x2.png,legendre,22.546425
0608x2.png,box,23.18553
0608x2.png,random,24.064486
0608x2.png,legendre,24.030918
0609x2.png,box,22.227089
0609x2.png,random,21.219452
0609x2.png,legendre,22.339249
0610x2.png,box,22.301567
0610x2.png,random,22.03046
0610x2.png,legendre,22.28231
0611x2.png,box,21.765263
0611x2.png,random,22.82058
0611x2.png,legendre,22.178133
0612x2.png,box,21.444185
0612x2.png,random,20.813183
0612x2.png,legendre,22.26598
0613x2.png,box,21.804438
0613x2.png,random,23.462885
0613x2.png,legendre,21.821354
0614x2.png,box,21.719133
0614x2.png,random,22.116653
0614x2.png,legendre,21.50544
0615x2.png,box,22.035208
0615x2.png,random,22.077305
0615x2.png,legendre,22.391273
0616x2.png,box,23.583866
0616x2.png,random,23.924849
0616x2.png,legendre,23.674007
0617x2.png,box,20.59416
0617x2.png,random,23.400194
0617x2.png,legendre,21.469418
0618x2.png,box,24.274643
0618x2.png,random,25.16486
0618x2.png,legendre,24.382328
0619x2.png,box,20.51423
0619x2.png,random,20.51612
0619x2.png,legendre,21.456709
0620x2.png,box,23.788532
0620x2.png,random,24.275702
0620x2.png,legendre,23.47206
0621x2.png,box,20.445082
0621x2.png,random,22.241667
0621x2.png,legendre,22.502285
0622x2.png,box,23.174246
0622x2.png,random,23.291924
0622x2.png,legendre,22.592344
0623x2.png,box,20.40263
0623x2.png,random,21.982746
0623x2.png,legendre,23.121174
0624x2.png,box,22.12364
0624x2.png,random,22.737934
0624x2.png,legendre,22.569143
0625x2.png,box,19.779741
0625x2.png,random,20.005608
0625x2.png,legendre,21.93497
0626x2.png,box,24.08139
0626x2.png,random,23.105618
0626x2.png,legendre,23.521606
0627x2.png,box,21.565342
0627x2.png,random,22.353691
0627x2.png,legendre,21.949764
0628x2.png,box,20.982407
0628x2.png,random,21.210163
0628x2.png,legendre,21.572683
0629x2.png,box,27.299286
0629x2.png,random,27.516844
0629x2.png,legendre,27.112436
0630x2.png,box,24.669014
0630x2.png,random,24.573864
0630x2.png,legendre,24.962349
0631x2.png,box,23.058931
0631x2.png,random,22.29285
0631x2.png,legendre,22.28367
0632x2.png,box,22.17266
0632x2.png,random,23.436451
0632x2.png,legendre,21.10212
0633x2.png,box,22.845398
0633x2.png,random,24.505081
0633x2.png,legendre,24.060402
0634x2.png,box,21.88262
0634x2.png,random,23.683681
0634x2.png,legendre,23.218552
0635x2.png,box,19.64586
0635x2.png,random,20.626314
0635x2.png,legendre,21.14
0636x2.png,box,20.838203
0636x2.png,random,22.004288
0636x2.png,legendre,22.171309
0637x2.png,box,25.735928
0637x2.png,random,24.407581
0637x2.png,legendre,25.072367
0638x2.png,box,19.200727
0638x2.png,random,20.370682
0638x2.png,legendre,21.972431
0639x2.png,box,20.167812
0639x2.png,random,20.875141
0639x2.png,legendre,21.698456
0640x2.png,box,23.695707
0640x2.png,random,23.069136
0640x2.png,legendre,22.9259
0641x2.png,box,20.91175
0641x2.png,random,21.587725
0641x2.png,legendre,21.337452
0642x2.png,box,21.768162
0642x2.png,random,21.810856
0642x2.png,legendre,21.514416
0643x2.png,box,19.69347
0643x2.png,random,20.806023
0643x2.png,legendre,20.556765
0644x2.png,box,21.584394
0644x2.png,random,23.037827
0644x2.png,legendre,23.243027
0645x2.png,box,21.571892
0645x2.png,random,23.013721
0645x2.png,legendre,23.611584
0646x2.png,box,22.90432
0646x2.png,random,23.114834
0646x2.png,legendre,21.817759
0647x2.png,box,20.499115
0647x2.png,random,23.743332
0647x2.png,legendre,22.08481
0648x2.png,box,23.768263
0648x2.png,random,24.283604
0648x2.png,legendre,24.071465
0649x2.png,box,20.538939
0649x2.png,random,21.486692
0649x2.png,legendre,21.638088
0650x2.png,box,25.608139
0650x2.png,random,26.124533
0650x2.png,legendre,26.378757
0651x2.png,box,21.660923
0651x2.png,random,22.774782
0651x2.png,legendre,21.2867
0652x2.png,box,22.467325
0652x2.png,random,22.45008
0652x2.png,legendre,22.52657
0653x2.png,box,21.083982
0653x2.png,random,22.470991
0653x2.png,legendre,21.966099
0654x2.png,box,22.66763
0654x2.png,random,22.711412
0654x2.png,legendre,22.922113
0655x2.png,box,23.265268
0655x2.png,random,24.093664
0655x2.png,legendre,23.88872
0656x2.png,box,21.051601
0656x2.png,random,22.24246
0656x2.png,legendre,23.517801
0657x2.png,box,21.186882
0657x2.png,random,22.178265
0657x2.png,legendre,22.041496
0658x2.png,box,21.0036
0658x2.png,random,21.571476
0658x2.png,legendre,21.572466
0659x2.png,box,21.73422
0659x2.png,random,22.271347
0659x2.png,legendre,22.0407
0660x2.png,box,20.550621
0660x2.png,random,21.94178
0660x2.png,legendre,21.563057
0661x2.png,box,25.28099
0661x2.png,random,25.60165
0661x2.png,legendre,25.07719
0662x2.png,box,21.78196
0662x2.png,random,21.064425
0662x2.png,legendre,20.460373
0663x2.png,box,21.151482
0663x2.png,random,21.087402
0663x2.png,legendre,21.514954
0664x2.png,box,21.077171
0664x2.png,random,20.48786
0664x2.png,legendre,20.004816
0665x2.png,box,22.083883
0665x2.png,random,21.2565
0665x2.png,legendre,22.096155
0666x2.png,box,25.60445
0666x2.png,random,26.391813
0666x2.png,legendre,26.662329
0667x2.png,box,21.543348
0667x2.png,random,23.416346
0667x2.png,legendre,22.418396
0668x2.png,box,21.368486
0668x2.png,random,21.34402
0668x2.png,legendre,22.240675
0669x2.png,box,20.280891
0669x2.png,random,22.449932
0669x2.png,legendre,22.94656
0670x2.png,box,24.140024
0670x2.png,random,23.872787
0670x2.png,legendre,25.068832
0671x2.png,box,20.18859
0671x2.png,random,23.924572
0671x2.png,legendre,21.771582
0672x2.png,box,21.233612
0672x2.png,random,22.88251
0672x2.png,legendre,22.756908
0673x2.png,box,21.246082
0673x2.png,random,22.375948
0673x2.png,legendre,22.809534
0674x2.png,box,21.903551
0674x2.png,random,22.058582
0674x2.png,legendre,22.693027
0675x2.png,box,21.955864
0675x2.png,random,21.196806
0675x2.png,legendre,21.566063
0676x2.png,box,22.407951
0676x2.png,random,21.393036
0676x2.png,legendre,21.984047
0677x2.png,box,24.63771
0677x2.png,random,23.653862
0677x2.png,legendre,23.492104
0678x2.png,box,21.681725
0678x2.png,random,20.34462
0678x2.png,legendre,21.154709
0679x2.png,box,20.5437
0679x2.png,random,20.992638
0679x2.png,legendre,20.40785
0680x2.png,box,22.61137
0680x2.png,random,21.967484
0680x2.png,legendre,22.347588
0681x2.png,box,20.863573
0681x2.png,random,22.695177
0681x2.png,legendre,21.831009
0682x2.png,box,22.405323
0682x2.png,random,21.853237
0682x2.png,legendre,22.071035
0683x2.png,box,21.791056
0683x2.png,random,23.154661
0683x2.png,legendre,23.128492
0684x2.png,box,22.485298
0684x2.png,random,22.517862
0684x2.png,legendre,22.857092
0685x2.png,box,22.950735
0685x2.png,random,23.023624
0685x2.png,legendre,23.572548
0686x2.png,box,21.061367
0686x2.png,random,22.110985
0686x2.png,legendre,22.356602
0687x2.png,box,22.391613
0687x2.png,random,22.327488
0687x2.png,legendre,23.192205
0688x2.png,box,24.200531
0688x2.png,random,24.070484
0688x2.png,legendre,24.081442
0689x2.png,box,25.29254
0689x2.png,random,26.527504
0689x2.png,legendre,25.184113
0690x2.png,box,21.27555
0690x2.png,random,22.09774
0690x2.png,legendre,20.863949
0691x2.png,box,22.827175
0691x2.png,random,23.549976
0691x2.png,legendre,23.150063
0692x2.png,box,21.746874
0692x2.png,random,21.868193
0692x2.png,legendre,20.96401
0693x2.png,box,20.865181
0693x2.png,random,21.413832
0693x2.png,legendre,20.978525
0694x2.png,box,21.739075
0694x2.png,random,21.580097
0694x2.png,legendre,22.286837
0695x2.png,box,21.71953
0695x2.png,random,24.335794
0695x2.png,legendre,21.640547
0696x2.png,box,23.6084
0696x2.png,random,23.806505
0696x2.png,legendre,23.331726
0697x2.png,box,22.840202
0697x2.png,random,22.008095
0697x2.png,legendre,22.510536
0698x2.png,box,24.88667
0698x2.png,random,25.605669
0698x2.png,legendre,25.896114
0699x2.png,box,22.73739
0699x2.png,random,23.00119
0699x2.png,legendre,23.325333
0700x2.png,box,19.45656
0700x2.png,random,20.057167
0700x2.png,legendre,22.307076
0701x2.png,box,20.640448
0701x2.png,random,22.58973
0701x2.png,legendre,22.631638
0702x2.png,box,22.110065
0702x2.png,random,21.831585
0702x2.png,legendre,22.561445
0703x2.png,box,21.385338
0703x2.png,random,22.862213
0703x2.png,legendre,21.608133
0704x2.png,box,25.030634
0704x2.png,random,25.343586
0704x2.png,legendre,25.137718
0705x2.png,box,20.851936
0705x2.png,random,21.578438
0705x2.png,legendre,21.139084
0706x2.png,box,21.729412
0706x2.png,random,21.848442
0706x2.png,legendre,21.966148
0707x2.png,box,22.267954
0707x2.png,random,21.858217
0707x2.png,legendre,21.6866
0708x2.png,box,23.797445
0708x2.png,random,24.648912
0708x2.png,legendre,24.64856
0709x2.png,box,21.437483
0709x2.png,random,21.871996
0709x2.png,legendre,20.919155
0710x2.png,box,21.899914
0710x2.png,random,21.224222
0710x2.png,legendre,21.381897
0711x2.png,box,21.2043
0711x2.png,random,22.682335
0711x2.png,legendre,22.934513
0712x2.png,box,21.001202
0712x2.png,random,21.963066
0712x2.png,legendre,21.474009
0713x2.png,box,22.332245
0713x2.png,random,20.704853
0713x2.png,legendre,21.118202
0714x2.png,box,22.84665
0714x2.png,random,22.743855
0714x2.png,legendre,22.801256
0715x2.png,box,21.462784
0715x2.png,random,21.130768
0715x2.png,legendre,21.822166
0716x2.png,box,21.889093
0716x2.png,random,23.87402
0716x2.png,legendre,23.06818
0717x2.png,box,23.577986
0717x2.png,random,23.688236
0717x2.png,legendre,24.179626
0718x2.png,box,24.885326
0718x2.png,random,25.624388
0718x2.png,legendre,26.021786
0719x2.png,box,22.19061
0719x2.png,random,22.348822
0719x2.png,legendre,22.39872
0720x2.png,box,21.504124
0720x2.png,random,21.899836
0720x2.png,legendre,21.571712
0721x2.png,box,22.296127
0721x2.png,random,23.756704
0721x2.png,legendre,22.666168
0722x2.png,box,25.680405
0722x2.png,random,26.053005
0722x2.png,legendre,25.797565
0723x2.png,box,22.035511
0723x2.png,random,22.811317
0723x2.png,legendre,23.48207
0724x2.png,box,21.40256
0724x2.png,random,23.153723
0724x2.png,legendre,22.190754
0725x2.png,box,22.664795
0725x2.png,random,23.318651
0725x2.png,legendre,22.420523
0726x2.png,box,24.754679
0726x2.png,random,23.779114
0726x2.png,legendre,23.40274
0727x2.png,box,22.356958
0727x2.png,random,21.577915
0727x2.png,legendre,23.128035
0728x2.png,box,21.29112
0728x2.png,random,22.134201
0728x2.png,legendre,21.186016
0729x2.png,box,21.937885
0729x2.png,random,21.951502
0729x2.png,legendre,22.044222
0730x2.png,box,21.194307
0730x2.png,random,23.927706
0730x2.png,legendre,23.411652
0731x2.png,box,22.291294
0731x2.png,random,23.284946
0731x2.png,legendre,25.059845
0732x2.png,box,23.158712
0732x2.png,random,23.177233
0732x2.png,legendre,23.31887
0733x2.png,box,22.40779
0733x2.png,random,22.696674
0733x2.png,legendre,22.384926
0734x2.png,box,22.39537
0734x2.png,random,23.17323
0734x2.png,legendre,22.704945
0735x2.png,box,23.522247
0735x2.png,random,25.116318
0735x2.png,legendre,22.81162
0736x2.png,box,22.579739
0736x2.png,random,22.727863
0736x2.png,legendre,21.324827
0737x2.png,box,22.368484
0737x2.png,random,21.740402
0737x2.png,legendre,22.448051
0738x2.png,box,23.40801
0738x2.png,random,26.17543
0738x2.png,legendre,22.617107
0739x2.png,box,20.296782
0739x2.png,random,22.932362
0739x2.png,legendre,21.31957
0740x2.png,box,23.08363
0740x2.png,random,23.367002
0740x2.png,legendre,22.853792
0741x2.png,box,22.626516
0741x2.png,random,22.310839
0741x2.png,legendre,21.300583
0742x2.png,box,21.766663
0742x2.png,random,21.517078
0742x2.png,legendre,21.684666
0743x2.png,box,21.457485
0743x2.png,random,20.839336
0743x2.png,legendre,20.81399
0744x2.png,box,25.571018
0744x2.png,random,24.99067
0744x2.png,legendre,24.961826
0745x2.png,box,21.534687
0745x2.png,random,21.835686
0745x2.png,legendre,22.054243
0746x2.png,box,23.51482
0746x2.png,random,25.774208
0746x2.png,legendre,25.07978
0747x2.png,box,25.074587
0747x2.png,random,26.213104
0747x2.png,legendre,26.610447
0748x2.png,box,21.292366
0748x2.png,random,22.404966
0748x2.png,legendre,22.29724
0749x2.png,box,22.44043
0749x2.png,random,22.911436
0749x2.png,legendre,24.580992
0750x2.png,box,22.06835
0750x2.png,random,21.563837
0750x2.png,legendre,21.713383
0751x2.png,box,22.858345
0751x2.png,random,22.429733
0751x2.png,legendre,22.467173
0752x2.png,box,22.307604
0752x2.png,random,24.204988
0752x2.png,legendre,22.125702
0753x2.png,box,21.667898
0753x2.png,random,21.714264
0753x2.png,legendre,21.960115
0754x2.png,box,20.841118
0754x2.png,random,21.45932
0754x2.png,legendre,21.504534
0755x2.png,box,21.755342
0755x2.png,random,23.043179
0755x2.png,legendre,22.264633
0756x2.png,box,20.341108
0756x2.png,random,21.709452
0756x2.png,legendre,21.191975
0757x2.png,box,23.664719
0757x2.png,random,23.767378
0757x2.png,legendre,24.107038
0758x2.png,box,21.267597
0758x2.png,random,21.78282
0758x2.png,legendre,22.499348
0759x2.png,box,21.375286
0759x2.png,random,22.194283
0759x2.png,legendre,21.356829
0760x2.png,box,22.817333
0760x2.png,random,23.043564
0760x2.png,legendre,23.801746
0761x2.png,box,21.269001
0761x2.png,random,21.26538
0761x2.png,legendre,21.863152
0762x2.png,box,21.877611
0762x2.png,random,22.042938
0762x2.png,legendre,23.061832
0763x2.png,box,22.602505
0763x2.png,random,21.467262
0763x2.png,legendre,22.2134
0764x2.png,box,27.157976
0764x2.png,random,27.034489
0764x2.png,legendre,26.522741
0765x2.png,box,22.383366
0765x2.png,random,23.926739
0765x2.png,legendre,22.216927
0766x2.png,box,20.146107
0766x2.png,random,22.113428
0766x2.png,legendre,21.864681
0767x2.png,box,21.322985
0767x2.png,random,21.260168
0767x2.png,legendre,20.266066
0768x2.png,box,27.382204
0768x2.png,random,27.17129
0768x2.png,legendre,27.000856
0769x2.png,box,20.85182
0769x2.png,random,23.07475
0769x2.png,legendre,22.60871
0770x2.png,box,21.177597
0770x2.png,random,23.868979
0770x2.png,legendre,22.085722
0771x2.png,box,22.097984
0771x2.png,random,23.226564
0771x2.png,legendre,22.761272
0772x2.png,box,20.700508
0772x2.png,random,21.122057
0772x2.png,legendre,20.486141
0773x2.png,box,19.575424
0773x2.png,random,21.510714
0773x2.png,legendre,20.678263
0774x2.png,box,21.359432
0774x2.png,random,21.64361
0774x2.png,legendre,22.821995
0775x2.png,box,21.874943
0775x2.png,random,21.47259
0775x2.png,legendre,21.173496
0776x2.png,box,21.074717
0776x2.png,random,20.386694
0776x2.png,legendre,21.630539
0777x2.png,box,24.963514
0777x2.png,random,26.336948
0777x2.png,legendre,26.982212
0778x2.png,box,20.464294
0778x2.png,random,23.93014
0778x2.png,legendre,21.986467
0779x2.png,box,23.95997
0779x2.png,random,24.27845
0779x2.png,legendre,23.843987
0780x2.png,box,20.6391
0780x2.png,random,20.470116
0780x2.png,legendre,23.265188
0781x2.png,box,22.736692
0781x2.png,random,20.967918
0781x2.png,legendre,21.610548
0782x2.png,box,21.33506
0782x2.png,random,22.444227
0782x2.png,legendre,21.296175
0783x2.png,box,22.997257
0783x2.png,random,22.897179
0783x2.png,legendre,22.21259
0784x2.png,box,23.99834
0784x2.png,random,23.678493
0784x2.png,legendre,24.451162
0785x2.png,box,22.095968
0785x2.png,random,22.29256
0785x2.png,legendre,22.300262
0786x2.png,box,21.697008
0786x2.png,random,22.304173
0786x2.png,legendre,22.482298
0787x2.png,box,21.809368
0787x2.png,random,23.17818
0787x2.png,legendre,22.922056
0788x2.png,box,24.353674
0788x2.png,random,23.685905
0788x2.png,legendre,23.582584
0789x2.png,box,21.471397
0789x2.png,random,21.834429
0789x2.png,legendre,21.214369
0790x2.png,box,22.207207
0790x2.png,random,23.975943
0790x2.png,legendre,22.705921
0791x2.png,box,21.533949
0791x2.png,random,22.238577
0791x2.png,legendre,21.799877
0792x2.png,box,22.259577
0792x2.png,random,22.43622
0792x2.png,legendre,22.004051
0793x2.png,box,22.128305
0793x2.png,random,22.023643
0793x2.png,legendre,22.243727
0794x2.png,box,23.451633
0794x2.png,random,24.029709
0794x2.png,legendre,24.736158
0795x2.png,box,20.6936
0795x2.png,random,22.084415
0795x2.png,legendre,22.695889
0796x2.png,box,23.941513
0796x2.png,random,24.804277
0796x2.png,legendre,24.318104
0797x2.png,box,20.374203
0797x2.png,random,21.118118
0797x2.png,legendre,20.948883
0798x2.png,box,21.48336
0798x2.png,random,21.045792
0798x2.png,legendre,21.091465
0799x2.png,box,22.77475
0799x2.png,random,22.124496
0799x2.png,legendre,21.558582
0800x2.png,box,21.995413
0800x2.png,random,24.050722
0800x2.png,legendre,23.625528
